# Energy output of gas pipeline, accounting for pipeline losses
GCAM_region_ID,sector,fuel,year,value
1,gas pipeline,gas,1971,20.5863294
1,gas pipeline,gas,1972,20.78470394
1,gas pipeline,gas,1973,20.6484915
1,gas pipeline,gas,1974,19.96613164
1,gas pipeline,gas,1975,18.35669836
1,gas pipeline,gas,1976,18.76868448
1,gas pipeline,gas,1977,18.388888700000003
1,gas pipeline,gas,1978,18.4598414
1,gas pipeline,gas,1979,19.020179360000004
1,gas pipeline,gas,1980,18.72686634
1,gas pipeline,gas,1981,18.2775411
1,gas pipeline,gas,1982,16.971467240000003
1,gas pipeline,gas,1983,15.984241
1,gas pipeline,gas,1984,17.03739674
1,gas pipeline,gas,1985,16.42393844
1,gas pipeline,gas,1986,15.37471754
1,gas pipeline,gas,1987,16.265623920000003
1,gas pipeline,gas,1988,17.007885440000003
1,gas pipeline,gas,1989,17.78430472
1,gas pipeline,gas,1990,17.650227140000002
1,gas pipeline,gas,1991,18.010934760000005
1,gas pipeline,gas,1992,18.509236200000004
1,gas pipeline,gas,1993,19.15329416
1,gas pipeline,gas,1994,19.51165762
1,gas pipeline,gas,1995,20.292011739999996
1,gas pipeline,gas,1996,20.71236986
1,gas pipeline,gas,1997,21.392511139999996
1,gas pipeline,gas,1998,21.151020799999998
1,gas pipeline,gas,1999,21.28480536
1,gas pipeline,gas,2000,22.1786838
1,gas pipeline,gas,2001,21.19296452
1,gas pipeline,gas,2002,21.873775560000002
1,gas pipeline,gas,2003,21.325702579999998
1,gas pipeline,gas,2004,21.38819956
1,gas pipeline,gas,2005,21.041515040000004
1,gas pipeline,gas,2006,20.71324892
1,gas pipeline,gas,2007,22.099652120000002
1,gas pipeline,gas,2008,22.208739280000003
1,gas pipeline,gas,2009,21.8092693
1,gas pipeline,gas,2010,22.840992720000003
1,gas pipeline,gas,2011,23.154482259999998
1,gas pipeline,gas,2012,24.383910460000003
1,gas pipeline,gas,2013,24.7633295
1,gas pipeline,gas,2014,25.41935942
1,gas pipeline,gas,2015,26.306749560000004
2,gas pipeline,gas,1971,0
2,gas pipeline,gas,1972,0
2,gas pipeline,gas,1973,0
2,gas pipeline,gas,1974,0
2,gas pipeline,gas,1975,0
2,gas pipeline,gas,1976,0
2,gas pipeline,gas,1977,0
2,gas pipeline,gas,1978,0
2,gas pipeline,gas,1979,0
2,gas pipeline,gas,1980,0
2,gas pipeline,gas,1981,0
2,gas pipeline,gas,1982,0
2,gas pipeline,gas,1983,0
2,gas pipeline,gas,1984,0
2,gas pipeline,gas,1985,0
2,gas pipeline,gas,1986,0
2,gas pipeline,gas,1987,0
2,gas pipeline,gas,1988,0
2,gas pipeline,gas,1989,0
2,gas pipeline,gas,1990,0
2,gas pipeline,gas,1991,0
2,gas pipeline,gas,1992,0
2,gas pipeline,gas,1993,0
2,gas pipeline,gas,1994,0
2,gas pipeline,gas,1995,0
2,gas pipeline,gas,1996,0
2,gas pipeline,gas,1997,0
2,gas pipeline,gas,1998,1.980929060317991e-5
2,gas pipeline,gas,1999,1.987347234512398e-5
2,gas pipeline,gas,2000,1.9922478726521742e-5
2,gas pipeline,gas,2001,0.014127997337827377
2,gas pipeline,gas,2002,0.020015182936665633
2,gas pipeline,gas,2003,0.02270576735346018
2,gas pipeline,gas,2004,0.03013518517689599
2,gas pipeline,gas,2005,0.038333257664349564
2,gas pipeline,gas,2006,0.03751396354795601
2,gas pipeline,gas,2007,0.024295872016175276
2,gas pipeline,gas,2008,0.04353166231443859
2,gas pipeline,gas,2009,0.04145757768637689
2,gas pipeline,gas,2010,0.03934553111005022
2,gas pipeline,gas,2011,0.04917107578639904
2,gas pipeline,gas,2012,0.04637405746303284
2,gas pipeline,gas,2013,0.04542635445352442
2,gas pipeline,gas,2014,0.04430441337952176
2,gas pipeline,gas,2015,0.04294844558780416
3,gas pipeline,gas,1971,0.08485022
3,gas pipeline,gas,1972,0.1002547
3,gas pipeline,gas,1973,0.10837554
3,gas pipeline,gas,1974,0.12202190000000002
3,gas pipeline,gas,1975,0.14006356000000003
3,gas pipeline,gas,1976,0.14868672
3,gas pipeline,gas,1977,0.1781143
3,gas pipeline,gas,1978,0.24848095999999997
3,gas pipeline,gas,1979,0.34371246000000005
3,gas pipeline,gas,1980,0.43425564000000005
3,gas pipeline,gas,1981,0.47259940000000006
3,gas pipeline,gas,1982,0.5631425800000001
3,gas pipeline,gas,1983,0.6455230599999999
3,gas pipeline,gas,1984,0.6651972600000001
3,gas pipeline,gas,1985,0.72761052
3,gas pipeline,gas,1986,0.8477487200000001
3,gas pipeline,gas,1987,0.8578788400000001
3,gas pipeline,gas,1988,0.9184084
3,gas pipeline,gas,1989,0.99911448
3,gas pipeline,gas,1990,0.9943424400000002
3,gas pipeline,gas,1991,1.0438628200000002
3,gas pipeline,gas,1992,1.09237856
3,gas pipeline,gas,1993,1.17475904
3,gas pipeline,gas,1994,1.2024703600000002
3,gas pipeline,gas,1995,1.2524512
3,gas pipeline,gas,1996,1.28095786
3,gas pipeline,gas,1997,1.33998046
3,gas pipeline,gas,1998,1.381589392856359
3,gas pipeline,gas,1999,1.5087600742681886
3,gas pipeline,gas,2000,1.557945576875554
3,gas pipeline,gas,2001,1.7908840413765046
3,gas pipeline,gas,2002,1.922693853298084
3,gas pipeline,gas,2003,2.052647084683831
3,gas pipeline,gas,2004,2.0849681668344653
3,gas pipeline,gas,2005,2.417513457351926
3,gas pipeline,gas,2006,2.566866029741384
3,gas pipeline,gas,2007,2.7467016269458235
3,gas pipeline,gas,2008,2.8219065172112394
3,gas pipeline,gas,2009,2.8349925970281413
3,gas pipeline,gas,2010,2.9023298966904814
3,gas pipeline,gas,2011,3.063415806392889
3,gas pipeline,gas,2012,3.240171313828212
3,gas pipeline,gas,2013,3.2433865855381137
3,gas pipeline,gas,2014,3.2270111048469974
3,gas pipeline,gas,2015,3.4036930772347262
4,gas pipeline,gas,1971,0.0015069600000000001
4,gas pipeline,gas,1972,0.00200928
4,gas pipeline,gas,1973,0.0023023
4,gas pipeline,gas,1974,0.00238602
4,gas pipeline,gas,1975,0.0023023
4,gas pipeline,gas,1976,0.00200928
4,gas pipeline,gas,1977,0.0024697400000000002
4,gas pipeline,gas,1978,0.0024697400000000002
4,gas pipeline,gas,1979,0.0024697400000000002
4,gas pipeline,gas,1980,0.0027209
4,gas pipeline,gas,1981,0.0031395000000000004
4,gas pipeline,gas,1982,0.0031395000000000004
4,gas pipeline,gas,1983,0.00359996
4,gas pipeline,gas,1984,0.00406042
4,gas pipeline,gas,1985,0.00406042
4,gas pipeline,gas,1986,0.00447902
4,gas pipeline,gas,1987,0.005399940000000001
4,gas pipeline,gas,1988,0.0054836600000000004
4,gas pipeline,gas,1989,0.0058604
4,gas pipeline,gas,1990,0.018460260000000003
4,gas pipeline,gas,1991,0.01984164
4,gas pipeline,gas,1992,0.01950676
4,gas pipeline,gas,1993,0.01913002
4,gas pipeline,gas,1994,0.01913002
4,gas pipeline,gas,1995,0.01913002
4,gas pipeline,gas,1996,0.01913002
4,gas pipeline,gas,1997,0.01950676
4,gas pipeline,gas,1998,0.019846078010628446
4,gas pipeline,gas,1999,0.01917628901688586
4,gas pipeline,gas,2000,0.01955299534045408
4,gas pipeline,gas,2001,0.021237774842499533
4,gas pipeline,gas,2002,0.02489972998344384
4,gas pipeline,gas,2003,0.02714503354887355
4,gas pipeline,gas,2004,0.03620084266362527
4,gas pipeline,gas,2005,0.04497759579017216
4,gas pipeline,gas,2006,0.04947860272602258
4,gas pipeline,gas,2007,0.05335835328762227
4,gas pipeline,gas,2008,0.05346459958401308
4,gas pipeline,gas,2009,0.0575583150606466
4,gas pipeline,gas,2010,0.0629493795801801
4,gas pipeline,gas,2011,0.06865928133161468
4,gas pipeline,gas,2012,0.07266920055587645
4,gas pipeline,gas,2013,0.06309796072977807
4,gas pipeline,gas,2014,0.08229619076833064
4,gas pipeline,gas,2015,0.11358193694192711
5,gas pipeline,gas,1971,0.00728364
5,gas pipeline,gas,1972,0.00971152
5,gas pipeline,gas,1973,0.01494402
5,gas pipeline,gas,1974,0.01389752
5,gas pipeline,gas,1975,0.01858584
5,gas pipeline,gas,1976,0.02369276
5,gas pipeline,gas,1977,0.028004340000000006
5,gas pipeline,gas,1978,0.03252522
5,gas pipeline,gas,1979,0.040771640000000005
5,gas pipeline,gas,1980,0.0519064
5,gas pipeline,gas,1981,0.0786968
5,gas pipeline,gas,1982,0.08995714
5,gas pipeline,gas,1983,0.11000808000000001
5,gas pipeline,gas,1984,0.10649184
5,gas pipeline,gas,1985,0.12587302
5,gas pipeline,gas,1986,0.11373362
5,gas pipeline,gas,1987,0.1274637
5,gas pipeline,gas,1988,0.12737998
5,gas pipeline,gas,1989,0.13344968000000001
5,gas pipeline,gas,1990,0.1272544
5,gas pipeline,gas,1991,0.15546804
5,gas pipeline,gas,1992,0.16308656000000002
5,gas pipeline,gas,1993,0.1789515
5,gas pipeline,gas,1994,0.17271436
5,gas pipeline,gas,1995,0.17346784
5,gas pipeline,gas,1996,0.18916534000000002
5,gas pipeline,gas,1997,0.24241126000000002
5,gas pipeline,gas,1998,0.2513030739079835
5,gas pipeline,gas,1999,0.2847491778414317
5,gas pipeline,gas,2000,0.31882320032569617
5,gas pipeline,gas,2001,0.31650425189307596
5,gas pipeline,gas,2002,0.33780621778392367
5,gas pipeline,gas,2003,0.43925559867529007
5,gas pipeline,gas,2004,0.4563701483746887
5,gas pipeline,gas,2005,0.4698089154055141
5,gas pipeline,gas,2006,0.4866861974206334
5,gas pipeline,gas,2007,0.49858895856069735
5,gas pipeline,gas,2008,0.49142512642133307
5,gas pipeline,gas,2009,0.4377698035795675
5,gas pipeline,gas,2010,0.4988064754295173
5,gas pipeline,gas,2011,0.6276702358269056
5,gas pipeline,gas,2012,0.6717313061991742
5,gas pipeline,gas,2013,0.6678602743362594
5,gas pipeline,gas,2014,0.7461635427973962
5,gas pipeline,gas,2015,0.7777800168716619
6,gas pipeline,gas,1971,0.07953400000000001
6,gas pipeline,gas,1972,0.11804520000000002
6,gas pipeline,gas,1973,0.14592396000000002
6,gas pipeline,gas,1974,0.16438422
6,gas pipeline,gas,1975,0.179998
6,gas pipeline,gas,1976,0.22051848000000002
6,gas pipeline,gas,1977,0.28335034
6,gas pipeline,gas,1978,0.30658264
6,gas pipeline,gas,1979,0.31821972
6,gas pipeline,gas,1980,0.35568442
6,gas pipeline,gas,1981,0.40934894000000005
6,gas pipeline,gas,1982,0.47963188
6,gas pipeline,gas,1983,0.48938526
6,gas pipeline,gas,1984,0.5395754000000001
6,gas pipeline,gas,1985,0.5933361979999999
6,gas pipeline,gas,1986,0.6262122048
6,gas pipeline,gas,1987,0.64424641372
6,gas pipeline,gas,1988,0.6662365600800001
6,gas pipeline,gas,1989,0.6843183219600001
6,gas pipeline,gas,1990,0.7375368655200001
6,gas pipeline,gas,1991,0.71763812848
6,gas pipeline,gas,1992,0.7381598260400001
6,gas pipeline,gas,1993,0.7610817759999999
6,gas pipeline,gas,1994,0.7862662589600001
6,gas pipeline,gas,1995,0.8386793324
6,gas pipeline,gas,1996,0.87357198656
6,gas pipeline,gas,1997,0.90383458984
6,gas pipeline,gas,1998,0.9102457
6,gas pipeline,gas,1999,0.96646368
6,gas pipeline,gas,2000,1.01627708
6,gas pipeline,gas,2001,1.07458806
6,gas pipeline,gas,2002,1.1473826
6,gas pipeline,gas,2003,1.0340675799999999
6,gas pipeline,gas,2004,1.04913718
6,gas pipeline,gas,2005,1.0268258000000001
6,gas pipeline,gas,2006,1.0292955400000001
6,gas pipeline,gas,2007,1.1696521200000003
6,gas pipeline,gas,2008,1.195103
6,gas pipeline,gas,2009,1.2355397600000002
6,gas pipeline,gas,2010,1.2825904
6,gas pipeline,gas,2011,1.2866508200000002
6,gas pipeline,gas,2012,1.3445432000000004
6,gas pipeline,gas,2013,1.37987304
6,gas pipeline,gas,2014,1.4349608000000003
6,gas pipeline,gas,2015,1.4436676800000001
7,gas pipeline,gas,1971,0.00912548
7,gas pipeline,gas,1972,0.0108836
7,gas pipeline,gas,1973,0.012055680000000001
7,gas pipeline,gas,1974,0.018920720000000002
7,gas pipeline,gas,1975,0.02055326
7,gas pipeline,gas,1976,0.02356718
7,gas pipeline,gas,1977,0.028004340000000003
7,gas pipeline,gas,1978,0.03528798
7,gas pipeline,gas,1979,0.03842748
7,gas pipeline,gas,1980,0.043576260000000006
7,gas pipeline,gas,1981,0.04035304000000001
7,gas pipeline,gas,1982,0.05362266
7,gas pipeline,gas,1983,0.06978062
7,gas pipeline,gas,1984,0.07924098000000002
7,gas pipeline,gas,1985,0.09636172000000001
7,gas pipeline,gas,1986,0.1111383
7,gas pipeline,gas,1987,0.12382188
7,gas pipeline,gas,1988,0.12821718000000001
7,gas pipeline,gas,1989,0.13395200000000002
7,gas pipeline,gas,1990,0.13403572
7,gas pipeline,gas,1991,0.13838916
7,gas pipeline,gas,1992,0.14939834000000002
7,gas pipeline,gas,1993,0.15839824
7,gas pipeline,gas,1994,0.16195634
7,gas pipeline,gas,1995,0.16986788
7,gas pipeline,gas,1996,0.1969513
7,gas pipeline,gas,1997,0.21361158000000002
7,gas pipeline,gas,1998,0.2258347
7,gas pipeline,gas,1999,0.25601576000000004
7,gas pipeline,gas,2000,0.32981494000000006
7,gas pipeline,gas,2001,0.42295344
7,gas pipeline,gas,2002,0.52048724
7,gas pipeline,gas,2003,0.5433428000000001
7,gas pipeline,gas,2004,0.6636484400000001
7,gas pipeline,gas,2005,0.7101130400000001
7,gas pipeline,gas,2006,0.73740576
7,gas pipeline,gas,2007,0.7599264400000001
7,gas pipeline,gas,2008,0.91489216
7,gas pipeline,gas,2009,0.73037328
7,gas pipeline,gas,2010,0.9549940400000001
7,gas pipeline,gas,2011,0.97600776
7,gas pipeline,gas,2012,1.1455826200000003
7,gas pipeline,gas,2013,1.3315247400000003
7,gas pipeline,gas,2014,1.456728
7,gas pipeline,gas,2015,1.4492769200000002
8,gas pipeline,gas,1971,1.2162423
8,gas pipeline,gas,1972,1.3913845400000002
8,gas pipeline,gas,1973,1.47958356
8,gas pipeline,gas,1974,1.5339597
8,gas pipeline,gas,1975,1.56476866
8,gas pipeline,gas,1976,1.6600420200000001
8,gas pipeline,gas,1977,1.7638966800000002
8,gas pipeline,gas,1978,1.7020276
8,gas pipeline,gas,1979,1.69528814
8,gas pipeline,gas,1980,1.7499573000000002
8,gas pipeline,gas,1981,1.68671431484
8,gas pipeline,gas,1982,1.7172795896800002
8,gas pipeline,gas,1983,1.7246125645200001
8,gas pipeline,gas,1984,1.84496753936
8,gas pipeline,gas,1985,1.9572853942000001
8,gas pipeline,gas,1986,1.9174088853300002
8,gas pipeline,gas,1987,1.8788300364600004
8,gas pipeline,gas,1988,2.05938828759
8,gas pipeline,gas,1989,2.1311942587200003
8,gas pipeline,gas,1990,2.0721040098500003
8,gas pipeline,gas,1991,2.070097719786
8,gas pipeline,gas,1992,2.1363232297220005
8,gas pipeline,gas,1993,2.2560039596580004
8,gas pipeline,gas,1994,2.3827590295940007
8,gas pipeline,gas,1995,2.46037045953
8,gas pipeline,gas,1996,2.5765596168859997
8,gas pipeline,gas,1997,2.5919498942419996
8,gas pipeline,gas,1998,2.4896717115980005
8,gas pipeline,gas,1999,2.6103817489540004
8,gas pipeline,gas,2000,2.7709006463100003
8,gas pipeline,gas,2001,2.619417154668
8,gas pipeline,gas,2002,2.7218982830260003
8,gas pipeline,gas,2003,2.875825351384
8,gas pipeline,gas,2004,2.7701366997420003
8,gas pipeline,gas,2005,2.7122103081000004
8,gas pipeline,gas,2006,2.68993107036
8,gas pipeline,gas,2007,2.89583069262
8,gas pipeline,gas,2008,2.8385983548800007
8,gas pipeline,gas,2009,2.7708591571400003
8,gas pipeline,gas,2010,2.8201605194
8,gas pipeline,gas,2011,3.153544934003334
8,gas pipeline,gas,2012,3.224802028606667
8,gas pipeline,gas,2013,3.3879836832100003
8,gas pipeline,gas,2014,3.546477017813334
8,gas pipeline,gas,2015,3.5443535324166664
9,gas pipeline,gas,1971,0.06728374331446561
9,gas pipeline,gas,1972,0.06965606875230751
9,gas pipeline,gas,1973,0.06672484000000001
9,gas pipeline,gas,1974,0.061910940000000005
9,gas pipeline,gas,1975,0.057557500000000004
9,gas pipeline,gas,1976,0.06566502964135333
9,gas pipeline,gas,1977,0.07491592006468871
9,gas pipeline,gas,1978,0.08955317124150844
9,gas pipeline,gas,1979,0.09078106538782824
9,gas pipeline,gas,1980,0.10273919711563166
9,gas pipeline,gas,1981,0.11305061215200489
9,gas pipeline,gas,1982,0.1370785860446222
9,gas pipeline,gas,1983,0.1420747672823839
9,gas pipeline,gas,1984,0.14922165714948835
9,gas pipeline,gas,1985,0.15258779993124338
9,gas pipeline,gas,1986,0.15620193161419285
9,gas pipeline,gas,1987,0.16503269905931992
9,gas pipeline,gas,1988,0.1901277222807475
9,gas pipeline,gas,1989,0.19062107490915367
9,gas pipeline,gas,1990,0.1975268534268446
9,gas pipeline,gas,1991,0.1990447767389575
9,gas pipeline,gas,1992,0.20370431785283957
9,gas pipeline,gas,1993,0.2027440484272028
9,gas pipeline,gas,1994,0.21503511330824587
9,gas pipeline,gas,1995,0.21724371966032138
9,gas pipeline,gas,1996,0.25704346196571914
9,gas pipeline,gas,1997,0.26987708169898234
9,gas pipeline,gas,1998,0.31786346953063704
9,gas pipeline,gas,1999,0.3505105637272216
9,gas pipeline,gas,2000,0.37872930347131073
9,gas pipeline,gas,2001,0.43937435593286434
9,gas pipeline,gas,2002,0.4764181725438011
9,gas pipeline,gas,2003,0.5375140606853162
9,gas pipeline,gas,2004,0.5801252592357784
9,gas pipeline,gas,2005,0.6474289474129139
9,gas pipeline,gas,2006,0.7411434138780423
9,gas pipeline,gas,2007,0.7842718019249961
9,gas pipeline,gas,2008,0.762932668192281
9,gas pipeline,gas,2009,0.7669232388352094
9,gas pipeline,gas,2010,0.8282699960141732
9,gas pipeline,gas,2011,0.821515874526062
9,gas pipeline,gas,2012,0.8265028342503137
9,gas pipeline,gas,2013,0.8428205260221429
9,gas pipeline,gas,2014,0.8503709476394
9,gas pipeline,gas,2015,0.8226015447901358
10,gas pipeline,gas,1971,1.1256275714953399
10,gas pipeline,gas,1972,1.184493452272119
10,gas pipeline,gas,1973,1.2307430711380534
10,gas pipeline,gas,1974,1.3052336608591537
10,gas pipeline,gas,1975,1.3620038370158067
10,gas pipeline,gas,1976,1.4671673757329071
10,gas pipeline,gas,1977,1.5494102710831843
10,gas pipeline,gas,1978,1.6398017944263301
10,gas pipeline,gas,1979,1.7347029858775407
10,gas pipeline,gas,1980,1.8478229962899622
10,gas pipeline,gas,1981,1.9745320598695622
10,gas pipeline,gas,1982,2.126461637502255
10,gas pipeline,gas,1983,2.2789977084490824
10,gas pipeline,gas,1984,2.463359666177194
10,gas pipeline,gas,1985,2.672341649528563
10,gas pipeline,gas,1986,2.848891252784514
10,gas pipeline,gas,1987,3.0164395344772292
10,gas pipeline,gas,1988,3.15636534839751
10,gas pipeline,gas,1989,3.313531185138369
10,gas pipeline,gas,1990,3.24398256
10,gas pipeline,gas,1991,3.1757507600000006
10,gas pipeline,gas,1992,2.8842795800000003
10,gas pipeline,gas,1993,2.70783968
10,gas pipeline,gas,1994,2.67996092
10,gas pipeline,gas,1995,2.62068716
10,gas pipeline,gas,1996,2.35144364
10,gas pipeline,gas,1997,2.38053634
10,gas pipeline,gas,1998,2.56359012
10,gas pipeline,gas,1999,2.66953778
10,gas pipeline,gas,2000,2.62562664
10,gas pipeline,gas,2001,2.6821795
10,gas pipeline,gas,2002,2.83626616
10,gas pipeline,gas,2003,2.87394016
10,gas pipeline,gas,2004,2.94535332
10,gas pipeline,gas,2005,3.05402188
10,gas pipeline,gas,2006,3.3225956400000003
10,gas pipeline,gas,2007,3.4987843800000005
10,gas pipeline,gas,2008,3.7811300799999996
10,gas pipeline,gas,2009,3.3963111
10,gas pipeline,gas,2010,3.57865326
10,gas pipeline,gas,2011,3.85534786
10,gas pipeline,gas,2012,3.99160216
10,gas pipeline,gas,2013,3.8310272
10,gas pipeline,gas,2014,3.9732256199999996
10,gas pipeline,gas,2015,3.85878038
11,gas pipeline,gas,1971,0.131250765928084
11,gas pipeline,gas,1972,0.16981082529753036
11,gas pipeline,gas,1973,0.2097505665202592
11,gas pipeline,gas,1974,0.26413872336758776
11,gas pipeline,gas,1975,0.3104481611157158
11,gas pipeline,gas,1976,0.35415388393117603
11,gas pipeline,gas,1977,0.4250206202177785
11,gas pipeline,gas,1978,0.48035897079916173
11,gas pipeline,gas,1979,0.5079605426236147
11,gas pipeline,gas,1980,0.5009356958434504
11,gas pipeline,gas,1981,0.4464154451797434
11,gas pipeline,gas,1982,0.41880776839611256
11,gas pipeline,gas,1983,0.42815035909167287
11,gas pipeline,gas,1984,0.4438800310177545
11,gas pipeline,gas,1985,0.43988784589810226
11,gas pipeline,gas,1986,0.4746863460866863
11,gas pipeline,gas,1987,0.4909071897765943
11,gas pipeline,gas,1988,0.4920504235593623
11,gas pipeline,gas,1989,0.5217417509101951
11,gas pipeline,gas,1990,0.5403034745864136
11,gas pipeline,gas,1991,0.5402550253933788
11,gas pipeline,gas,1992,0.5417913927847408
11,gas pipeline,gas,1993,0.5666084143149974
11,gas pipeline,gas,1994,0.6193059765305823
11,gas pipeline,gas,1995,0.6341622809958214
11,gas pipeline,gas,1996,0.7573245957786068
11,gas pipeline,gas,1997,0.8038177153662931
11,gas pipeline,gas,1998,0.8225322006162422
11,gas pipeline,gas,1999,0.8884562913313447
11,gas pipeline,gas,2000,0.9967463273961279
11,gas pipeline,gas,2001,1.1575377680300805
11,gas pipeline,gas,2002,1.2090244929050975
11,gas pipeline,gas,2003,1.3743655298881103
11,gas pipeline,gas,2004,1.6327966908253895
11,gas pipeline,gas,2005,1.8458381411319182
11,gas pipeline,gas,2006,2.234641069234412
11,gas pipeline,gas,2007,2.7469150717575355
11,gas pipeline,gas,2008,3.2190085940902646
11,gas pipeline,gas,2009,3.541669623429435
11,gas pipeline,gas,2010,4.725329611140592
11,gas pipeline,gas,2011,4.953406307898119
11,gas pipeline,gas,2012,5.502277877249699
11,gas pipeline,gas,2013,6.206863415928472
11,gas pipeline,gas,2014,6.740688858606784
11,gas pipeline,gas,2015,6.998787684126303
12,gas pipeline,gas,1971,1.575050054967777
12,gas pipeline,gas,1972,1.607164655096928
12,gas pipeline,gas,1973,1.7213244846722413
12,gas pipeline,gas,1974,1.807696986182609
12,gas pipeline,gas,1975,1.989281115960382
12,gas pipeline,gas,1976,2.2198741560478794
12,gas pipeline,gas,1977,2.370151340022677
12,gas pipeline,gas,1978,2.4957009969936816
12,gas pipeline,gas,1979,2.5112143976184442
12,gas pipeline,gas,1980,2.609392319610057
12,gas pipeline,gas,1981,2.6968264782852365
12,gas pipeline,gas,1982,2.764827446763455
12,gas pipeline,gas,1983,2.7977220138519256
12,gas pipeline,gas,1984,2.861481091525924
12,gas pipeline,gas,1985,2.839016388197221
12,gas pipeline,gas,1986,2.9503891832685634
12,gas pipeline,gas,1987,2.9959580966782013
12,gas pipeline,gas,1988,3.0051387437826396
12,gas pipeline,gas,1989,3.0663914175062432
12,gas pipeline,gas,1990,2.9664507600000003
12,gas pipeline,gas,1991,2.64651478
12,gas pipeline,gas,1992,2.33089038
12,gas pipeline,gas,1993,2.18915242
12,gas pipeline,gas,1994,2.1775572000000003
12,gas pipeline,gas,1995,2.34796926
12,gas pipeline,gas,1996,2.4726702
12,gas pipeline,gas,1997,2.3552529
12,gas pipeline,gas,1998,2.23369146
12,gas pipeline,gas,1999,2.16968752
12,gas pipeline,gas,2000,2.20062206
12,gas pipeline,gas,2001,2.2561702800000005
12,gas pipeline,gas,2002,2.23457052
12,gas pipeline,gas,2003,2.3786107800000003
12,gas pipeline,gas,2004,2.3581831
12,gas pipeline,gas,2005,2.42570328
12,gas pipeline,gas,2006,2.3897455400000003
12,gas pipeline,gas,2007,2.30497904
12,gas pipeline,gas,2008,2.27831422
12,gas pipeline,gas,2009,2.02568912
12,gas pipeline,gas,2010,2.20112438
12,gas pipeline,gas,2011,2.16449688
12,gas pipeline,gas,2012,2.13285072
12,gas pipeline,gas,2013,2.0894419000000006
12,gas pipeline,gas,2014,1.9569550000000002
12,gas pipeline,gas,2015,2.00881954
13,gas pipeline,gas,1971,3.5217667668963517
13,gas pipeline,gas,1972,4.4356127552227
13,gas pipeline,gas,1973,5.114790317249865
13,gas pipeline,gas,1974,5.841438064803029
13,gas pipeline,gas,1975,6.142411145155038
13,gas pipeline,gas,1976,6.655574522384921
13,gas pipeline,gas,1977,6.905059474218261
13,gas pipeline,gas,1978,7.204987702774516
13,gas pipeline,gas,1979,7.693243435832015
13,gas pipeline,gas,1980,7.548659391134689
13,gas pipeline,gas,1981,7.419352551443805
13,gas pipeline,gas,1982,7.182048285564618
13,gas pipeline,gas,1983,7.465064570232657
13,gas pipeline,gas,1984,7.839923669577753
13,gas pipeline,gas,1985,8.109629840511746
13,gas pipeline,gas,1986,8.209925040881714
13,gas pipeline,gas,1987,8.745395854726414
13,gas pipeline,gas,1988,8.639912291701298
13,gas pipeline,gas,1989,8.952566692286
13,gas pipeline,gas,1990,9.194558277595165
13,gas pipeline,gas,1991,9.928990345728462
13,gas pipeline,gas,1992,9.915259999865514
13,gas pipeline,gas,1993,10.385349525009989
13,gas pipeline,gas,1994,10.5879511155413
13,gas pipeline,gas,1995,11.301205946936058
13,gas pipeline,gas,1996,12.53260390293107
13,gas pipeline,gas,1997,12.532015320513574
13,gas pipeline,gas,1998,13.02186783962218
13,gas pipeline,gas,1999,13.68572986703422
13,gas pipeline,gas,2000,14.056436849100265
13,gas pipeline,gas,2001,14.439349106851376
13,gas pipeline,gas,2002,14.539655731817623
13,gas pipeline,gas,2003,15.083073540441474
13,gas pipeline,gas,2004,15.541885053713033
13,gas pipeline,gas,2005,15.856015730671723
13,gas pipeline,gas,2006,15.726822986426292
13,gas pipeline,gas,2007,15.65501925708394
13,gas pipeline,gas,2008,16.213195793471797
13,gas pipeline,gas,2009,15.369395717880659
13,gas pipeline,gas,2010,16.625672551940013
13,gas pipeline,gas,2011,14.951967288877873
13,gas pipeline,gas,2012,14.61289756137391
13,gas pipeline,gas,2013,14.407042310058499
13,gas pipeline,gas,2014,12.965717171819035
13,gas pipeline,gas,2015,13.540997323509647
14,gas pipeline,gas,1971,1.4968734315281975
14,gas pipeline,gas,1972,1.5751540060180451
14,gas pipeline,gas,1973,1.6366573197710603
14,gas pipeline,gas,1974,1.735715824978299
14,gas pipeline,gas,1975,1.811209505609434
14,gas pipeline,gas,1976,1.9510572768060783
14,gas pipeline,gas,1977,2.0604248936797855
14,gas pipeline,gas,1978,2.180628656588658
14,gas pipeline,gas,1979,2.3068294317837568
14,gas pipeline,gas,1980,2.4572578172004405
14,gas pipeline,gas,1981,2.62575709316803
14,gas pipeline,gas,1982,2.827794919870838
14,gas pipeline,gas,1983,3.0306392688651367
14,gas pipeline,gas,1984,3.275806074739594
14,gas pipeline,gas,1985,3.5537128944270036
14,gas pipeline,gas,1986,3.7884907349427652
14,gas pipeline,gas,1987,4.011298506993742
14,gas pipeline,gas,1988,4.1973735806204315
14,gas pipeline,gas,1989,4.40637464928541
14,gas pipeline,gas,1990,4.4010348200000005
14,gas pipeline,gas,1991,4.27708736
14,gas pipeline,gas,1992,4.12689368
14,gas pipeline,gas,1993,3.86133384
14,gas pipeline,gas,1994,3.4080319000000006
14,gas pipeline,gas,1995,3.24452674
14,gas pipeline,gas,1996,3.4902868000000002
14,gas pipeline,gas,1997,3.24126166
14,gas pipeline,gas,1998,2.93823712
14,gas pipeline,gas,1999,3.17014152
14,gas pipeline,gas,2000,3.0888494
14,gas pipeline,gas,2001,3.1002771800000004
14,gas pipeline,gas,2002,3.0770030200000003
14,gas pipeline,gas,2003,3.2438988400000004
14,gas pipeline,gas,2004,3.32213518
14,gas pipeline,gas,2005,3.3140562000000005
14,gas pipeline,gas,2006,3.0749100200000004
14,gas pipeline,gas,2007,2.86841464
14,gas pipeline,gas,2008,2.7730994200000003
14,gas pipeline,gas,2009,2.2058545600000006
14,gas pipeline,gas,2010,2.5829713
14,gas pipeline,gas,2011,2.59000378
14,gas pipeline,gas,2012,2.4679400200000003
14,gas pipeline,gas,2013,2.29777912
14,gas pipeline,gas,2014,2.01802874
14,gas pipeline,gas,2015,1.7350132800000002
15,gas pipeline,gas,1971,0.022335638091872792
15,gas pipeline,gas,1972,0.027295783957597176
15,gas pipeline,gas,1973,0.030257954770318025
15,gas pipeline,gas,1974,0.03311542275618375
15,gas pipeline,gas,1975,0.03657063717314487
15,gas pipeline,gas,1976,0.0400222171024735
15,gas pipeline,gas,1977,0.041915594982332154
15,gas pipeline,gas,1978,0.04632621477031802
15,gas pipeline,gas,1979,0.053557788621908124
15,gas pipeline,gas,1980,0.06266448339222615
15,gas pipeline,gas,1981,0.062383064169611306
15,gas pipeline,gas,1982,0.07732936628975266
15,gas pipeline,gas,1983,0.08363387109540638
15,gas pipeline,gas,1984,0.091220694982332165
15,gas pipeline,gas,1985,0.10169757045936396
15,gas pipeline,gas,1986,0.11879671484098941
15,gas pipeline,gas,1987,0.1417222387279152
15,gas pipeline,gas,1988,0.1590229281272085
15,gas pipeline,gas,1989,0.23018461116607777
15,gas pipeline,gas,1990,0.34341944
15,gas pipeline,gas,1991,0.35325654000000006
15,gas pipeline,gas,1992,0.35945182000000003
15,gas pipeline,gas,1993,0.3352986
15,gas pipeline,gas,1994,0.33144748
15,gas pipeline,gas,1995,0.38268411999999996
15,gas pipeline,gas,1996,0.46853898
15,gas pipeline,gas,1997,0.53463592
15,gas pipeline,gas,1998,0.54551952
15,gas pipeline,gas,1999,0.5936166600000001
15,gas pipeline,gas,2000,0.6827366
15,gas pipeline,gas,2001,0.73225698
15,gas pipeline,gas,2002,0.7915307400000001
15,gas pipeline,gas,2003,0.9202921000000001
15,gas pipeline,gas,2004,0.98890064
15,gas pipeline,gas,2005,1.14332218
15,gas pipeline,gas,2006,1.27786022
15,gas pipeline,gas,2007,1.47987658
15,gas pipeline,gas,2008,1.46292328
15,gas pipeline,gas,2009,1.3740126400000001
15,gas pipeline,gas,2010,1.50813208
15,gas pipeline,gas,2011,1.7359342
15,gas pipeline,gas,2012,1.74204576
15,gas pipeline,gas,2013,1.7663664199999998
15,gas pipeline,gas,2014,1.839747
15,gas pipeline,gas,2015,1.82965874
16,gas pipeline,gas,1971,0.008665019999999999
16,gas pipeline,gas,1972,0.009083620000000002
16,gas pipeline,gas,1973,0.01029756
16,gas pipeline,gas,1974,0.0133952
16,gas pipeline,gas,1975,0.02524158
16,gas pipeline,gas,1976,0.0320229
16,gas pipeline,gas,1977,0.04114838
16,gas pipeline,gas,1978,0.054962180000000006
16,gas pipeline,gas,1979,0.0567203
16,gas pipeline,gas,1980,0.07024108000000001
16,gas pipeline,gas,1981,0.07245966000000001
16,gas pipeline,gas,1982,0.07898982
16,gas pipeline,gas,1983,0.09066876
16,gas pipeline,gas,1984,0.09066876
16,gas pipeline,gas,1985,0.10063144
16,gas pipeline,gas,1986,0.14157052
16,gas pipeline,gas,1987,0.1188824
16,gas pipeline,gas,1988,0.12959856
16,gas pipeline,gas,1989,0.13780312
16,gas pipeline,gas,1990,0.15149134
16,gas pipeline,gas,1991,0.15831452000000001
16,gas pipeline,gas,1992,0.21704410000000002
16,gas pipeline,gas,1993,0.24044384000000005
16,gas pipeline,gas,1994,0.24944373999999997
16,gas pipeline,gas,1995,0.23856014
16,gas pipeline,gas,1996,0.22633702000000003
16,gas pipeline,gas,1997,0.26250406
16,gas pipeline,gas,1998,0.2817178
16,gas pipeline,gas,1999,0.30415476
16,gas pipeline,gas,2000,0.25392276
16,gas pipeline,gas,2001,0.27405742000000005
16,gas pipeline,gas,2002,0.26966212
16,gas pipeline,gas,2003,0.29255954
16,gas pipeline,gas,2004,0.30804774
16,gas pipeline,gas,2005,0.30511754
16,gas pipeline,gas,2006,0.30750356
16,gas pipeline,gas,2007,0.3059966
16,gas pipeline,gas,2008,0.32102434
16,gas pipeline,gas,2009,0.32818240000000004
16,gas pipeline,gas,2010,0.37163308
16,gas pipeline,gas,2011,0.34727056
16,gas pipeline,gas,2012,0.35250306000000003
16,gas pipeline,gas,2013,0.36150296
16,gas pipeline,gas,2014,0.35660534
16,gas pipeline,gas,2015,0.37393538000000004
17,gas pipeline,gas,1971,0.0249067
17,gas pipeline,gas,1972,0.02674854
17,gas pipeline,gas,1973,0.0263718
17,gas pipeline,gas,1974,0.03294382
17,gas pipeline,gas,1975,0.0389298
17,gas pipeline,gas,1976,0.04784598
17,gas pipeline,gas,1977,0.050776180000000004
17,gas pipeline,gas,1978,0.059357480000000004
17,gas pipeline,gas,1979,0.058059820000000005
17,gas pipeline,gas,1980,0.0527436
17,gas pipeline,gas,1981,0.07698054000000001
17,gas pipeline,gas,1982,0.10251514
17,gas pipeline,gas,1983,0.11783590000000001
17,gas pipeline,gas,1984,0.14353794
17,gas pipeline,gas,1985,0.17158414
17,gas pipeline,gas,1986,0.2450903
17,gas pipeline,gas,1987,0.27619228
17,gas pipeline,gas,1988,0.32060574000000003
17,gas pipeline,gas,1989,0.38728872000000003
17,gas pipeline,gas,1990,0.44250206000000003
17,gas pipeline,gas,1991,0.5005200200000001
17,gas pipeline,gas,1992,0.5586217
17,gas pipeline,gas,1993,0.56628208
17,gas pipeline,gas,1994,0.6009840200000001
17,gas pipeline,gas,1995,0.72551752
17,gas pipeline,gas,1996,0.7390801600000001
17,gas pipeline,gas,1997,0.8508045000000001
17,gas pipeline,gas,1998,0.8910319600000001
17,gas pipeline,gas,1999,0.96252884
17,gas pipeline,gas,2000,0.96566834
17,gas pipeline,gas,2001,0.9717799000000001
17,gas pipeline,gas,2002,1.05378364
17,gas pipeline,gas,2003,1.08329494
17,gas pipeline,gas,2004,1.18811238
17,gas pipeline,gas,2005,1.33152474
17,gas pipeline,gas,2006,1.40009142
17,gas pipeline,gas,2007,1.5028577200000002
17,gas pipeline,gas,2008,1.5178436
17,gas pipeline,gas,2009,2.09082328
17,gas pipeline,gas,2010,2.29103966
17,gas pipeline,gas,2011,2.3029279000000002
17,gas pipeline,gas,2012,2.0500935000000005
17,gas pipeline,gas,2013,1.8636072
17,gas pipeline,gas,2014,1.8456911200000004
17,gas pipeline,gas,2015,1.89299292
18,gas pipeline,gas,1971,0.005985980000000001
18,gas pipeline,gas,1972,0.0071162000000000005
18,gas pipeline,gas,1973,0.007576660000000001
18,gas pipeline,gas,1974,0.016576559999999997
18,gas pipeline,gas,1975,0.022227660000000003
18,gas pipeline,gas,1976,0.025325300000000002
18,gas pipeline,gas,1977,0.055631940000000005
18,gas pipeline,gas,1978,0.08836646000000001
18,gas pipeline,gas,1979,0.12013820000000001
18,gas pipeline,gas,1980,0.14784952
18,gas pipeline,gas,1981,0.16107728000000002
18,gas pipeline,gas,1982,0.16769116
18,gas pipeline,gas,1983,0.18602584
18,gas pipeline,gas,1984,0.23558808
18,gas pipeline,gas,1985,0.28690844000000004
18,gas pipeline,gas,1986,0.32123364000000004
18,gas pipeline,gas,1987,0.33370792000000005
18,gas pipeline,gas,1988,0.35647976000000003
18,gas pipeline,gas,1989,0.34496826
18,gas pipeline,gas,1990,0.60433282
18,gas pipeline,gas,1991,0.67503436000000006
18,gas pipeline,gas,1992,0.7230896400000001
18,gas pipeline,gas,1993,0.76746124
18,gas pipeline,gas,1994,0.9403011800000001
18,gas pipeline,gas,1995,1.031849
18,gas pipeline,gas,1996,1.07462992
18,gas pipeline,gas,1997,1.16215918
18,gas pipeline,gas,1998,1.28267412
18,gas pipeline,gas,1999,1.25132098
18,gas pipeline,gas,2000,1.07387644
18,gas pipeline,gas,2001,1.1571778400000001
18,gas pipeline,gas,2002,1.2517395800000002
18,gas pipeline,gas,2003,1.2972832600000002
18,gas pipeline,gas,2004,1.23608394
18,gas pipeline,gas,2005,1.1777729600000002
18,gas pipeline,gas,2006,1.28129274
18,gas pipeline,gas,2007,1.0581789400000001
18,gas pipeline,gas,2008,1.1369176000000003
18,gas pipeline,gas,2009,1.3983333000000002
18,gas pipeline,gas,2010,1.43420732
18,gas pipeline,gas,2011,1.43881192
18,gas pipeline,gas,2012,1.4826812
18,gas pipeline,gas,2013,1.52156914
18,gas pipeline,gas,2014,1.55987104
18,gas pipeline,gas,2015,1.55978732
19,gas pipeline,gas,1971,0.30591288
19,gas pipeline,gas,1972,0.31508022
19,gas pipeline,gas,1973,0.37791208
19,gas pipeline,gas,1974,0.45413914000000005
19,gas pipeline,gas,1975,0.51098502
19,gas pipeline,gas,1976,0.55698916
19,gas pipeline,gas,1977,0.6295744000000001
19,gas pipeline,gas,1978,0.7746193
19,gas pipeline,gas,1979,0.9290408400000001
19,gas pipeline,gas,1980,1.0592673000000001
19,gas pipeline,gas,1981,1.08810884
19,gas pipeline,gas,1982,1.09685758
19,gas pipeline,gas,1983,1.15064768
19,gas pipeline,gas,1984,1.4731789800000001
19,gas pipeline,gas,1985,1.57334996
19,gas pipeline,gas,1986,1.5963310999999998
19,gas pipeline,gas,1987,1.6412050200000001
19,gas pipeline,gas,1988,1.7432597
19,gas pipeline,gas,1989,1.82815178
19,gas pipeline,gas,1990,1.9823221600000003
19,gas pipeline,gas,1991,2.12414384
19,gas pipeline,gas,1992,2.1446971
19,gas pipeline,gas,1993,2.1966872200000003
19,gas pipeline,gas,1994,2.31083944
19,gas pipeline,gas,1995,2.3937641000000003
19,gas pipeline,gas,1996,2.49891642
19,gas pipeline,gas,1997,2.5796225
19,gas pipeline,gas,1998,2.64563572
19,gas pipeline,gas,1999,2.8052060400000003
19,gas pipeline,gas,2000,2.8977585
19,gas pipeline,gas,2001,2.8866655999999997
19,gas pipeline,gas,2002,2.9559439000000003
19,gas pipeline,gas,2003,3.0606357600000003
19,gas pipeline,gas,2004,3.03623138
19,gas pipeline,gas,2005,3.0111991000000002
19,gas pipeline,gas,2006,3.3159399
19,gas pipeline,gas,2007,3.58229508
19,gas pipeline,gas,2008,3.50728196
19,gas pipeline,gas,2009,3.46550568
19,gas pipeline,gas,2010,3.6524943000000003
19,gas pipeline,gas,2011,4.2602177800000005
19,gas pipeline,gas,2012,4.4066022
19,gas pipeline,gas,2013,4.41175098
19,gas pipeline,gas,2014,4.44477852
19,gas pipeline,gas,2015,4.23355296
20,gas pipeline,gas,1971,0.36744708
20,gas pipeline,gas,1972,0.39427934000000003
20,gas pipeline,gas,1973,0.43944627999999997
20,gas pipeline,gas,1974,0.45895304
20,gas pipeline,gas,1975,0.47042268000000004
20,gas pipeline,gas,1976,0.46062744000000005
20,gas pipeline,gas,1977,0.4847388
20,gas pipeline,gas,1978,0.61291412
20,gas pipeline,gas,1979,0.74774518
20,gas pipeline,gas,1980,0.8009911000000001
20,gas pipeline,gas,1981,0.8653299200000001
20,gas pipeline,gas,1982,0.94180814
20,gas pipeline,gas,1983,0.94398486
20,gas pipeline,gas,1984,0.9474173800000001
20,gas pipeline,gas,1985,0.9884401800000001
20,gas pipeline,gas,1986,0.87809722
20,gas pipeline,gas,1987,0.8912831200000001
20,gas pipeline,gas,1988,0.9043853000000001
20,gas pipeline,gas,1989,0.87872512
20,gas pipeline,gas,1990,0.95750564
20,gas pipeline,gas,1991,1.02226306
20,gas pipeline,gas,1992,1.03134668
20,gas pipeline,gas,1993,0.9826216400000001
20,gas pipeline,gas,1994,1.02109098
20,gas pipeline,gas,1995,1.01305386
20,gas pipeline,gas,1996,1.1042668
20,gas pipeline,gas,1997,1.19146118
20,gas pipeline,gas,1998,1.35157568
20,gas pipeline,gas,1999,1.28702756
20,gas pipeline,gas,2000,1.45844426
20,gas pipeline,gas,2001,1.47079296
20,gas pipeline,gas,2002,1.6629303600000003
20,gas pipeline,gas,2003,1.85452358
20,gas pipeline,gas,2004,1.93878776
20,gas pipeline,gas,2005,1.93493664
20,gas pipeline,gas,2006,2.1417250400000003
20,gas pipeline,gas,2007,2.2112963600000004
20,gas pipeline,gas,2008,2.33063922
20,gas pipeline,gas,2009,2.33001132
20,gas pipeline,gas,2010,2.4012570400000004
20,gas pipeline,gas,2011,2.49920944
20,gas pipeline,gas,2012,2.6206453
20,gas pipeline,gas,2013,2.5089628200000007
20,gas pipeline,gas,2014,2.47526552
20,gas pipeline,gas,2015,2.5725900200000007
21,gas pipeline,gas,1971,0.46347392000000004
21,gas pipeline,gas,1972,0.5105664200000001
21,gas pipeline,gas,1973,0.6035374800000001
21,gas pipeline,gas,1974,0.6193605600000001
21,gas pipeline,gas,1975,0.68328078
21,gas pipeline,gas,1976,0.76084736
21,gas pipeline,gas,1977,0.84733012
21,gas pipeline,gas,1978,0.89262264
21,gas pipeline,gas,1979,1.1467547
21,gas pipeline,gas,1980,1.22909332
21,gas pipeline,gas,1981,1.46832322
21,gas pipeline,gas,1982,1.56020592
21,gas pipeline,gas,1983,1.5726802000000002
21,gas pipeline,gas,1984,1.8127054400000002
21,gas pipeline,gas,1985,1.9187368200000001
21,gas pipeline,gas,1986,2.3089976
21,gas pipeline,gas,1987,2.54630194
21,gas pipeline,gas,1988,2.81860124
21,gas pipeline,gas,1989,3.2051783400000002
21,gas pipeline,gas,1990,2.95766016
21,gas pipeline,gas,1991,3.10483992
21,gas pipeline,gas,1992,3.41489694
21,gas pipeline,gas,1993,3.8115204400000002
21,gas pipeline,gas,1994,4.304756820000001
21,gas pipeline,gas,1995,4.57986074
21,gas pipeline,gas,1996,4.7308916199999995
21,gas pipeline,gas,1997,5.1009340199999995
21,gas pipeline,gas,1998,5.41852584
21,gas pipeline,gas,1999,5.806275020000001
21,gas pipeline,gas,2000,6.068193040000001
21,gas pipeline,gas,2001,6.48252332
21,gas pipeline,gas,2002,7.01916852
21,gas pipeline,gas,2003,7.46066594
21,gas pipeline,gas,2004,8.19878332
21,gas pipeline,gas,2005,8.89822206
21,gas pipeline,gas,2006,9.71210604
21,gas pipeline,gas,2007,10.525948997200002
21,gas pipeline,gas,2008,11.514914436480003
21,gas pipeline,gas,2009,11.89071258648
21,gas pipeline,gas,2010,12.920049484160002
21,gas pipeline,gas,2011,13.615368195520002
21,gas pipeline,gas,2012,14.040918043880001
21,gas pipeline,gas,2013,14.4410201936
21,gas pipeline,gas,2014,15.33148001112
21,gas pipeline,gas,2015,16.31542258528
22,gas pipeline,gas,1971,0.09887332
22,gas pipeline,gas,1972,0.10138492000000002
22,gas pipeline,gas,1973,0.11582662
22,gas pipeline,gas,1974,0.13173342000000002
22,gas pipeline,gas,1975,0.14303562000000003
22,gas pipeline,gas,1976,0.14316120000000002
22,gas pipeline,gas,1977,0.15387736
22,gas pipeline,gas,1978,0.16354702000000002
22,gas pipeline,gas,1979,0.1753934
22,gas pipeline,gas,1980,0.19657455999999998
22,gas pipeline,gas,1981,0.22436960000000003
22,gas pipeline,gas,1982,0.24839724000000002
22,gas pipeline,gas,1983,0.24994606
22,gas pipeline,gas,1984,0.25019722
22,gas pipeline,gas,1985,0.2647645
22,gas pipeline,gas,1986,0.2722574400000001
22,gas pipeline,gas,1987,0.34898682000000003
22,gas pipeline,gas,1988,0.35807044
22,gas pipeline,gas,1989,0.40453504
22,gas pipeline,gas,1990,0.40193972
22,gas pipeline,gas,1991,0.42266042000000004
22,gas pipeline,gas,1992,0.44509738000000004
22,gas pipeline,gas,1993,0.4738552
22,gas pipeline,gas,1994,0.48427834000000003
22,gas pipeline,gas,1995,0.5242965
22,gas pipeline,gas,1996,0.52898482
22,gas pipeline,gas,1997,0.5370638
22,gas pipeline,gas,1998,0.56557046
22,gas pipeline,gas,1999,0.6383650000000001
22,gas pipeline,gas,2000,0.6528067000000001
22,gas pipeline,gas,2001,0.6982248000000001
22,gas pipeline,gas,2002,0.7491684200000001
22,gas pipeline,gas,2003,0.9140549600000001
22,gas pipeline,gas,2004,1.0143515200000002
22,gas pipeline,gas,2005,1.05851382
22,gas pipeline,gas,2006,1.0601463599999998
22,gas pipeline,gas,2007,1.10891326
22,gas pipeline,gas,2008,1.1011691600000002
22,gas pipeline,gas,2009,1.1074900200000002
22,gas pipeline,gas,2010,1.0686858
22,gas pipeline,gas,2011,1.10179706
22,gas pipeline,gas,2012,1.0969413
22,gas pipeline,gas,2013,1.03737452
22,gas pipeline,gas,2014,1.02762114
22,gas pipeline,gas,2015,1.1069039800000002
23,gas pipeline,gas,1971,5.109094537134088
23,gas pipeline,gas,1972,5.376280023272008
23,gas pipeline,gas,1973,5.586201742565517
23,gas pipeline,gas,1974,5.92430599183012
23,gas pipeline,gas,1975,6.181979314889173
23,gas pipeline,gas,1976,6.6593045641734125
23,gas pipeline,gas,1977,7.0325956401853436
23,gas pipeline,gas,1978,7.44287240473029
23,gas pipeline,gas,1979,7.8736180359578425
23,gas pipeline,gas,1980,8.387056798363854
23,gas pipeline,gas,1981,8.962174715633697
23,gas pipeline,gas,1982,9.6517656556291609
23,gas pipeline,gas,1983,10.344109399266358
23,gas pipeline,gas,1984,11.18090719539065
23,gas pipeline,gas,1985,12.129452466080432
23,gas pipeline,gas,1986,12.93079088064138
23,gas pipeline,gas,1987,13.691273328281927
23,gas pipeline,gas,1988,14.326380560556313
23,gas pipeline,gas,1989,15.039738280508143
23,gas pipeline,gas,1990,14.433997760000002
23,gas pipeline,gas,1991,15.07617202
23,gas pipeline,gas,1992,14.282255260000001
23,gas pipeline,gas,1993,13.813632560000002
23,gas pipeline,gas,1994,12.69396128
23,gas pipeline,gas,1995,12.04450338
23,gas pipeline,gas,1996,11.918588500000002
23,gas pipeline,gas,1997,11.65181472
23,gas pipeline,gas,1998,11.48567238
23,gas pipeline,gas,1999,11.7473811
23,gas pipeline,gas,2000,12.10042834
23,gas pipeline,gas,2001,12.275779880000002
23,gas pipeline,gas,2002,12.24191514
23,gas pipeline,gas,2003,12.847461899999999
23,gas pipeline,gas,2004,12.866591920000001
23,gas pipeline,gas,2005,13.00242762
23,gas pipeline,gas,2006,13.37833042
23,gas pipeline,gas,2007,13.637234520000002
23,gas pipeline,gas,2008,13.63447176
23,gas pipeline,gas,2009,13.33061002
23,gas pipeline,gas,2010,14.429016420000002
23,gas pipeline,gas,2011,14.867248760000003
23,gas pipeline,gas,2012,14.8743231
23,gas pipeline,gas,2013,14.7209062
23,gas pipeline,gas,2014,14.672139300000001
23,gas pipeline,gas,2015,13.96570994
24,gas pipeline,gas,1971,0.00577668
24,gas pipeline,gas,1972,0.00862316
24,gas pipeline,gas,1973,0.009334779999999999
24,gas pipeline,gas,1974,0.010967320000000001
24,gas pipeline,gas,1975,0.0144417
24,gas pipeline,gas,1976,0.01456728
24,gas pipeline,gas,1977,0.01398124
24,gas pipeline,gas,1978,0.014316120000000002
24,gas pipeline,gas,1979,0.017706780000000002
24,gas pipeline,gas,1980,0.02005094
24,gas pipeline,gas,1981,0.019423040000000003
24,gas pipeline,gas,1982,0.01766492
24,gas pipeline,gas,1983,0.02005094
24,gas pipeline,gas,1984,0.020134660000000002
24,gas pipeline,gas,1985,0.01900444
24,gas pipeline,gas,1986,0.019883500000000002
24,gas pipeline,gas,1987,0.0184184
24,gas pipeline,gas,1988,0.0186277
24,gas pipeline,gas,1989,0.01896258
24,gas pipeline,gas,1990,0.023332931440000006
24,gas pipeline,gas,1991,0.02317185415999999
24,gas pipeline,gas,1992,0.022561619079999994
24,gas pipeline,gas,1993,0.0306662174
24,gas pipeline,gas,1994,0.030833657400000006
24,gas pipeline,gas,1995,0.0322987574
24,gas pipeline,gas,1996,0.03460808988
24,gas pipeline,gas,1997,0.0337102766
24,gas pipeline,gas,1998,0.03402498007999999
24,gas pipeline,gas,1999,0.04164710003999999
24,gas pipeline,gas,2000,0.042813152199999996
24,gas pipeline,gas,2001,0.04637786607999998
24,gas pipeline,gas,2002,0.047936397599999986
24,gas pipeline,gas,2003,0.049239750560000003
24,gas pipeline,gas,2004,0.059362419480000005
24,gas pipeline,gas,2005,0.09183941676000001
24,gas pipeline,gas,2006,0.10829550367999999
24,gas pipeline,gas,2007,0.10621112683999999
24,gas pipeline,gas,2008,0.09864861552000002
24,gas pipeline,gas,2009,0.08870527483999999
24,gas pipeline,gas,2010,0.06481133568
24,gas pipeline,gas,2011,0.10417262856
24,gas pipeline,gas,2012,0.1043699566
24,gas pipeline,gas,2013,0.10522942612
24,gas pipeline,gas,2014,0.10352815199999998
24,gas pipeline,gas,2015,0.10707695907999999
25,gas pipeline,gas,1971,0.3013766532373587
25,gas pipeline,gas,1972,0.3060364861140728
25,gas pipeline,gas,1973,0.3631355
25,gas pipeline,gas,1974,0.3736005
25,gas pipeline,gas,1975,0.35103796000000004
25,gas pipeline,gas,1976,0.3694265021020334
25,gas pipeline,gas,1977,0.4029983857170515
25,gas pipeline,gas,1978,0.4006666459839756
25,gas pipeline,gas,1979,0.4585025187801583
25,gas pipeline,gas,1980,0.4720367317496804
25,gas pipeline,gas,1981,0.4649498364041904
25,gas pipeline,gas,1982,0.49630256839075987
25,gas pipeline,gas,1983,0.49423576248495965
25,gas pipeline,gas,1984,0.5609271132727599
25,gas pipeline,gas,1985,0.556847159557011
25,gas pipeline,gas,1986,0.5634900875040924
25,gas pipeline,gas,1987,0.5714474862142639
25,gas pipeline,gas,1988,0.5584463660179533
25,gas pipeline,gas,1989,0.617601452804849
25,gas pipeline,gas,1990,0.6700542289779907
25,gas pipeline,gas,1991,0.7031142975325796
25,gas pipeline,gas,1992,0.7106781422816482
25,gas pipeline,gas,1993,0.7439944665628093
25,gas pipeline,gas,1994,0.7777083511504556
25,gas pipeline,gas,1995,0.8441059934036214
25,gas pipeline,gas,1996,0.964425889943212
25,gas pipeline,gas,1997,0.9557882874674439
25,gas pipeline,gas,1998,0.974234395367186
25,gas pipeline,gas,1999,0.839954408598559
25,gas pipeline,gas,2000,0.870226741628425
25,gas pipeline,gas,2001,0.78743386109576
25,gas pipeline,gas,2002,0.7815387691985757
25,gas pipeline,gas,2003,0.8209305421132114
25,gas pipeline,gas,2004,0.7850896999711902
25,gas pipeline,gas,2005,0.7963170845153635
25,gas pipeline,gas,2006,0.6964619822956668
25,gas pipeline,gas,2007,0.635222043591065
25,gas pipeline,gas,2008,0.9404404009359233
25,gas pipeline,gas,2009,0.8814738458841325
25,gas pipeline,gas,2010,0.9049190746458138
25,gas pipeline,gas,2011,0.6174909140260657
25,gas pipeline,gas,2012,0.6747882766357778
25,gas pipeline,gas,2013,0.6715115910093593
25,gas pipeline,gas,2014,0.6483000624615648
25,gas pipeline,gas,2015,0.7408634884502182
26,gas pipeline,gas,1971,0.037297260000000006
26,gas pipeline,gas,1972,0.03658564
26,gas pipeline,gas,1973,0.03290196
26,gas pipeline,gas,1974,0.03428334
26,gas pipeline,gas,1975,0.03980886
26,gas pipeline,gas,1976,0.04554368000000001
26,gas pipeline,gas,1977,0.045920420000000003
26,gas pipeline,gas,1978,0.046171580000000004
26,gas pipeline,gas,1979,0.052450580000000004
26,gas pipeline,gas,1980,0.05391568000000001
26,gas pipeline,gas,1981,0.05994352
26,gas pipeline,gas,1982,0.06279000000000001
26,gas pipeline,gas,1983,0.053204060000000004
26,gas pipeline,gas,1984,0.06270628
26,gas pipeline,gas,1985,0.06634810000000001
26,gas pipeline,gas,1986,0.06576206000000001
26,gas pipeline,gas,1987,0.06546904000000002
26,gas pipeline,gas,1988,0.07639450000000002
26,gas pipeline,gas,1989,0.09832914
26,gas pipeline,gas,1990,0.09301292
26,gas pipeline,gas,1991,0.08443162000000001
26,gas pipeline,gas,1992,0.09376640000000001
26,gas pipeline,gas,1993,0.08786414000000001
26,gas pipeline,gas,1994,0.09309664000000001
26,gas pipeline,gas,1995,0.10142678000000002
26,gas pipeline,gas,1996,0.10414768000000002
26,gas pipeline,gas,1997,0.13550082
26,gas pipeline,gas,1998,0.17740268
26,gas pipeline,gas,1999,0.22357426000000002
26,gas pipeline,gas,2000,0.28226198
26,gas pipeline,gas,2001,0.30988958
26,gas pipeline,gas,2002,0.31893134
26,gas pipeline,gas,2003,0.35760998000000005
26,gas pipeline,gas,2004,0.4006002
26,gas pipeline,gas,2005,0.42956732
26,gas pipeline,gas,2006,0.42219996000000004
26,gas pipeline,gas,2007,0.35639603999999997
26,gas pipeline,gas,2008,0.33065214
26,gas pipeline,gas,2009,0.39130728
26,gas pipeline,gas,2010,0.53815216
26,gas pipeline,gas,2011,0.5978445200000001
26,gas pipeline,gas,2012,0.5917329600000001
26,gas pipeline,gas,2013,0.5836121200000002
26,gas pipeline,gas,2014,0.6333836600000001
26,gas pipeline,gas,2015,0.6400812599999999
27,gas pipeline,gas,1971,0.018007165705316852
27,gas pipeline,gas,1972,0.01642957765329376
27,gas pipeline,gas,1973,0.024644129203951388
27,gas pipeline,gas,1974,0.029810449561949955
27,gas pipeline,gas,1975,0.023014651526023066
27,gas pipeline,gas,1976,0.029167701991580305
27,gas pipeline,gas,1977,0.033773589838230735
27,gas pipeline,gas,1978,0.03314454199706967
27,gas pipeline,gas,1979,0.03832822188472656
27,gas pipeline,gas,1980,0.04543450806825345
27,gas pipeline,gas,1981,0.04445783875401216
27,gas pipeline,gas,1982,0.059834235461666434
27,gas pipeline,gas,1983,0.06684183036775958
27,gas pipeline,gas,1984,0.07544135169492573
27,gas pipeline,gas,1985,0.09275601956871067
27,gas pipeline,gas,1986,0.10447587622209334
27,gas pipeline,gas,1987,0.11147782081235504
27,gas pipeline,gas,1988,0.13548549833229917
27,gas pipeline,gas,1989,0.1409630917756759
27,gas pipeline,gas,1990,0.15349809341440226
27,gas pipeline,gas,1991,0.1580918260832738
27,gas pipeline,gas,1992,0.17395854614782916
27,gas pipeline,gas,1993,0.19152231512972898
27,gas pipeline,gas,1994,0.2102387413016023
27,gas pipeline,gas,1995,0.22572970899529166
27,gas pipeline,gas,1996,0.2442155007797679
27,gas pipeline,gas,1997,0.23562716539995973
27,gas pipeline,gas,1998,0.2553252179591856
27,gas pipeline,gas,1999,0.2791258803341051
27,gas pipeline,gas,2000,0.2930544952925529
27,gas pipeline,gas,2001,0.33272332834378937
27,gas pipeline,gas,2002,0.3459052413277235
27,gas pipeline,gas,2003,0.3802350917463237
27,gas pipeline,gas,2004,0.40451998034791
27,gas pipeline,gas,2005,0.43477939305697416
27,gas pipeline,gas,2006,0.4927802473156332
27,gas pipeline,gas,2007,0.5343439387314015
27,gas pipeline,gas,2008,0.5841248198964927
27,gas pipeline,gas,2009,0.6418485486483556
27,gas pipeline,gas,2010,0.7146308016328276
27,gas pipeline,gas,2011,0.7190635186352374
27,gas pipeline,gas,2012,0.7565007724886234
27,gas pipeline,gas,2013,0.8061487035522458
27,gas pipeline,gas,2014,0.8401861200312762
27,gas pipeline,gas,2015,0.9061123676902856
28,gas pipeline,gas,1971,0
28,gas pipeline,gas,1972,0
28,gas pipeline,gas,1973,0
28,gas pipeline,gas,1974,0
28,gas pipeline,gas,1975,0
28,gas pipeline,gas,1976,0
28,gas pipeline,gas,1977,0
28,gas pipeline,gas,1978,0
28,gas pipeline,gas,1979,0
28,gas pipeline,gas,1980,0
28,gas pipeline,gas,1981,0
28,gas pipeline,gas,1982,0
28,gas pipeline,gas,1983,0
28,gas pipeline,gas,1984,0
28,gas pipeline,gas,1985,0
28,gas pipeline,gas,1986,0.00217672
28,gas pipeline,gas,1987,0.07898982
28,gas pipeline,gas,1988,0.10226398
28,gas pipeline,gas,1989,0.09883146000000001
28,gas pipeline,gas,1990,0.11486384000000001
28,gas pipeline,gas,1991,0.13273806
28,gas pipeline,gas,1992,0.17359342
28,gas pipeline,gas,1993,0.21683480000000002
28,gas pipeline,gas,1994,0.28837354
28,gas pipeline,gas,1995,0.34840078
28,gas pipeline,gas,1996,0.46012512000000005
28,gas pipeline,gas,1997,0.5586217
28,gas pipeline,gas,1998,0.52270582
28,gas pipeline,gas,1999,0.63953708
28,gas pipeline,gas,2000,0.71660134
28,gas pipeline,gas,2001,0.78470756
28,gas pipeline,gas,2002,0.87755304
28,gas pipeline,gas,2003,0.91493402
28,gas pipeline,gas,2004,1.07835546
28,gas pipeline,gas,2005,1.14650354
28,gas pipeline,gas,2006,1.22494918
28,gas pipeline,gas,2007,1.3178783800000002
28,gas pipeline,gas,2008,1.34102696
28,gas pipeline,gas,2009,1.28878568
28,gas pipeline,gas,2010,1.6238331200000002
28,gas pipeline,gas,2011,1.75092008
28,gas pipeline,gas,2012,1.89818356
28,gas pipeline,gas,2013,1.98295006
28,gas pipeline,gas,2014,1.7884266400000002
28,gas pipeline,gas,2015,1.6713860800000002
29,gas pipeline,gas,1971,0.010312388366599158
29,gas pipeline,gas,1972,0.010669037049175883
29,gas pipeline,gas,1973,0.015509504275789433
29,gas pipeline,gas,1974,0.024144967070462264
29,gas pipeline,gas,1975,0.032309867358261135
29,gas pipeline,gas,1976,0.040720214077243674
29,gas pipeline,gas,1977,0.04406996994399086
29,gas pipeline,gas,1978,0.04289960720376865
29,gas pipeline,gas,1979,0.04456513549165876
29,gas pipeline,gas,1980,0.05432079608829622
29,gas pipeline,gas,1981,0.06892049606624445
29,gas pipeline,gas,1982,0.10727241614222104
29,gas pipeline,gas,1983,0.1344147705405676
29,gas pipeline,gas,1984,0.18899167728731983
29,gas pipeline,gas,1985,0.2993236345331871
29,gas pipeline,gas,1986,0.3174371176912204
29,gas pipeline,gas,1987,0.37307856941105066
29,gas pipeline,gas,1988,0.4129780981083386
29,gas pipeline,gas,1989,0.412929717314129
29,gas pipeline,gas,1990,0.43679517199918416
29,gas pipeline,gas,1991,0.6177315485233474
29,gas pipeline,gas,1992,0.6767648210674301
29,gas pipeline,gas,1993,0.8501237729552737
29,gas pipeline,gas,1994,0.9455979023278155
29,gas pipeline,gas,1995,1.0257266212488871
29,gas pipeline,gas,1996,1.1730718338416255
29,gas pipeline,gas,1997,1.4001228498337472
29,gas pipeline,gas,1998,1.4709561473589985
29,gas pipeline,gas,1999,1.627158893735699
29,gas pipeline,gas,2000,1.8672133425708888
29,gas pipeline,gas,2001,2.047921306656223
29,gas pipeline,gas,2002,2.2739134481650622
29,gas pipeline,gas,2003,2.5053054169441116
29,gas pipeline,gas,2004,2.6889405106970252
29,gas pipeline,gas,2005,2.9613820243191467
29,gas pipeline,gas,2006,3.136812254413959
29,gas pipeline,gas,2007,3.2984766500207447
29,gas pipeline,gas,2008,3.6174259731622187
29,gas pipeline,gas,2009,3.2643746076874773
29,gas pipeline,gas,2010,3.4885252309363524
29,gas pipeline,gas,2011,3.450479582808836
29,gas pipeline,gas,2012,3.729263899295384
29,gas pipeline,gas,2013,4.085584358941606
29,gas pipeline,gas,2014,4.201601642329694
29,gas pipeline,gas,2015,4.129174138947293
30,gas pipeline,gas,1971,0.0378833
30,gas pipeline,gas,1972,0.044120440000000004
30,gas pipeline,gas,1973,0.050734320000000006
30,gas pipeline,gas,1974,0.05370638
30,gas pipeline,gas,1975,0.05328778000000001
30,gas pipeline,gas,1976,0.06392022
30,gas pipeline,gas,1977,0.06739460000000001
30,gas pipeline,gas,1978,0.06643182
30,gas pipeline,gas,1979,0.061701639999999995
30,gas pipeline,gas,1980,0.0592319
30,gas pipeline,gas,1981,0.05186454
30,gas pipeline,gas,1982,0.04127396
30,gas pipeline,gas,1983,0.041525120000000006
30,gas pipeline,gas,1984,0.041901860000000006
30,gas pipeline,gas,1985,0.03733912
30,gas pipeline,gas,1986,0.03315312
30,gas pipeline,gas,1987,0.03382288000000001
30,gas pipeline,gas,1988,0.037046100000000005
30,gas pipeline,gas,1989,0.03750656
30,gas pipeline,gas,1990,0.060906300000000003
30,gas pipeline,gas,1991,0.09983610000000001
30,gas pipeline,gas,1992,0.10527790000000001
30,gas pipeline,gas,1993,0.1023477
30,gas pipeline,gas,1994,0.13466362
30,gas pipeline,gas,1995,0.14454258
30,gas pipeline,gas,1996,0.15073786
30,gas pipeline,gas,1997,0.17250506000000002
30,gas pipeline,gas,1998,0.21469994
30,gas pipeline,gas,1999,0.21101626
30,gas pipeline,gas,2000,0.23085790000000003
30,gas pipeline,gas,2001,0.255346
30,gas pipeline,gas,2002,0.29138746000000004
30,gas pipeline,gas,2003,0.29427580000000003
30,gas pipeline,gas,2004,0.34923798000000006
30,gas pipeline,gas,2005,0.37000054
30,gas pipeline,gas,2006,0.37870742
30,gas pipeline,gas,2007,0.41416284000000003
30,gas pipeline,gas,2008,0.44919966000000006
30,gas pipeline,gas,2009,0.42923244
30,gas pipeline,gas,2010,0.54514278
30,gas pipeline,gas,2011,0.5965887200000001
30,gas pipeline,gas,2012,0.56523558
30,gas pipeline,gas,2013,0.5782121800000001
30,gas pipeline,gas,2014,0.60692814
30,gas pipeline,gas,2015,0.6519695
31,gas pipeline,gas,1971,0.22139754000000003
31,gas pipeline,gas,1972,0.24852282000000003
31,gas pipeline,gas,1973,0.27677832
31,gas pipeline,gas,1974,0.28816424
31,gas pipeline,gas,1975,0.30825704000000004
31,gas pipeline,gas,1976,0.32948006
31,gas pipeline,gas,1977,0.33429396000000006
31,gas pipeline,gas,1978,0.32307548
31,gas pipeline,gas,1979,0.35321468000000006
31,gas pipeline,gas,1980,0.39093054000000005
31,gas pipeline,gas,1981,0.40319552000000003
31,gas pipeline,gas,1982,0.44472064
31,gas pipeline,gas,1983,0.5071757600000001
31,gas pipeline,gas,1984,0.5387382000000001
31,gas pipeline,gas,1985,0.54828228
31,gas pipeline,gas,1986,0.6541880800000001
31,gas pipeline,gas,1987,0.65711828
31,gas pipeline,gas,1988,0.76155898
31,gas pipeline,gas,1989,0.8230094600000001
31,gas pipeline,gas,1990,0.7787634400000001
31,gas pipeline,gas,1991,0.81091192
31,gas pipeline,gas,1992,0.8323442400000001
31,gas pipeline,gas,1993,0.80932124
31,gas pipeline,gas,1994,0.8459487400000001
31,gas pipeline,gas,1995,0.9405942000000002
31,gas pipeline,gas,1996,1.0385884600000002
31,gas pipeline,gas,1997,1.059058
31,gas pipeline,gas,1998,1.0985319800000002
31,gas pipeline,gas,1999,1.2036843
31,gas pipeline,gas,2000,1.26316736
31,gas pipeline,gas,2001,1.1827543
31,gas pipeline,gas,2002,1.16554984
31,gas pipeline,gas,2003,1.28485084
31,gas pipeline,gas,2004,1.38878922
31,gas pipeline,gas,2005,1.39929608
31,gas pipeline,gas,2006,1.45949076
31,gas pipeline,gas,2007,1.56087568
31,gas pipeline,gas,2008,1.5923962600000001
31,gas pipeline,gas,2009,1.5777452600000001
31,gas pipeline,gas,2010,1.57703364
31,gas pipeline,gas,2011,1.6448049800000002
31,gas pipeline,gas,2012,1.6940742000000002
31,gas pipeline,gas,2013,1.70072994
31,gas pipeline,gas,2014,1.71362282
31,gas pipeline,gas,2015,1.7457713000000001
32,gas pipeline,gas,1971,0.046799480000000004
32,gas pipeline,gas,1972,0.057138900000000006
32,gas pipeline,gas,1973,0.05919004
32,gas pipeline,gas,1974,0.061659780000000004
32,gas pipeline,gas,1975,0.05810168
32,gas pipeline,gas,1976,0.061910940000000005
32,gas pipeline,gas,1977,0.0692783
32,gas pipeline,gas,1978,0.08577114
32,gas pipeline,gas,1979,0.09255246
32,gas pipeline,gas,1980,0.10205468000000001
32,gas pipeline,gas,1981,0.11030110000000001
32,gas pipeline,gas,1982,0.11888240000000001
32,gas pipeline,gas,1983,0.13152412
32,gas pipeline,gas,1984,0.13068692
32,gas pipeline,gas,1985,0.13110552
32,gas pipeline,gas,1986,0.13344968000000001
32,gas pipeline,gas,1987,0.13545896000000002
32,gas pipeline,gas,1988,0.13600314
32,gas pipeline,gas,1989,0.12976600000000002
32,gas pipeline,gas,1990,0.13466362
32,gas pipeline,gas,1991,0.13889148
32,gas pipeline,gas,1992,0.13658918
32,gas pipeline,gas,1993,0.14190540000000001
32,gas pipeline,gas,1994,0.14031472
32,gas pipeline,gas,1995,0.1492309
32,gas pipeline,gas,1996,0.16233308000000002
32,gas pipeline,gas,1997,0.20423494000000003
32,gas pipeline,gas,1998,0.23713690000000004
32,gas pipeline,gas,1999,0.20482098
32,gas pipeline,gas,2000,0.22843002
32,gas pipeline,gas,2001,0.24199266000000003
32,gas pipeline,gas,2002,0.24115546000000002
32,gas pipeline,gas,2003,0.23207184000000003
32,gas pipeline,gas,2004,0.24408566
32,gas pipeline,gas,2005,0.25622506
32,gas pipeline,gas,2006,0.25672738
32,gas pipeline,gas,2007,0.25413206
32,gas pipeline,gas,2008,0.27246674000000004
32,gas pipeline,gas,2009,0.31160584
32,gas pipeline,gas,2010,0.32998238
32,gas pipeline,gas,2011,0.31181514
32,gas pipeline,gas,2012,0.32332664
32,gas pipeline,gas,2013,0.34291712
32,gas pipeline,gas,2014,0.36037274
32,gas pipeline,gas,2015,0.35313096000000005
